source,target,grade_source,grade_target,source_node,target_node,granger_causes,lag,p_value,adjusted_p_value,test_statistic,n_observations,r2_restricted,r2_augmented
101,101,low2,low1,M101_low2,M101_low1,False,4,0.04830977411523307,0.09661954823046615,2.3980859903771163,1704,0.005116718684295418,0.010715278756292301
101,101,med1,low1,M101_med1,M101_low1,False,4,0.48277280205825923,0.713019782842747,0.8673556971395624,1704,0.005116718684295418,0.007148942922095003
101,101,med2,low1,M101_med2,M101_low1,False,4,0.46653524864641416,0.696020154737353,0.8942175417280604,1704,0.005116718684295418,0.007211747994419149
102,101,low1,low1,M102_low1,M101_low1,False,4,0.10344612741458381,0.19280144562723872,1.9267743353044955,1704,0.005116718684295418,0.009619937296717729
102,101,low2,low1,M102_low2,M101_low1,False,4,0.7901381697607028,0.9999999999922596,0.4257601517044492,1704,0.005116718684295418,0.0061153180776925
102,101,med1,low1,M102_med1,M101_low1,False,4,0.6437731750298794,0.8973807894355895,0.6262979288900732,1704,0.005116718684295418,0.006584975374445912
102,101,med2,low1,M102_med2,M101_low1,False,4,0.8011101140274562,0.9999999999922596,0.4106149803923112,1704,0.005116718684295418,0.006079830214744786
103,101,low1,low1,M103_low1,M101_low1,False,4,0.7197247249260705,0.9687487888934467,0.5218129155854118,1704,0.005116718684295418,0.006340328007109042
103,101,low2,low1,M103_low2,M101_low1,False,4,0.33237759727073857,0.5380423275467674,1.1475782665496028,1704,0.005116718684295418,0.007803734308270749
103,101,med1,low1,M103_med1,M101_low1,False,4,0.43418236799490073,0.6566264852963979,0.9497410860927826,1704,0.005116718684295418,0.007341541157028675
103,101,med2,low1,M103_med2,M101_low1,False,4,0.38677720730561793,0.6101087719633695,1.0368301390012755,1704,0.005116718684295418,0.0075450542579738045
104,101,low1,low1,M104_low1,M101_low1,False,4,0.8466329473718244,0.9999999999922596,0.34642525793838175,1704,0.005116718684295418,0.005929394002505806
104,101,low2,low1,M104_low2,M101_low1,False,4,0.7460719317235123,0.9899800632485066,0.48597327002418994,1704,0.005116718684295418,0.006256383191731385
104,101,med1,low1,M104_med1,M101_low1,True,4,0.0009470611057275091,0.0026536940627491625,4.669643611825014,1704,0.005116718684295418,0.015960643393118423
104,101,med2,low1,M104_med2,M101_low1,False,4,0.05214124777917806,0.10316117840181466,2.351640778631406,1704,0.005116718684295418,0.010607446413119503
105,101,low1,low1,M105_low1,M101_low1,True,4,0.023235089949992016,0.048217179144344334,2.836733805465374,1704,0.005116718684295418,0.011732533975653214
105,101,low2,low1,M105_low2,M101_low1,False,4,0.03560068243400527,0.07251504318660852,2.582419489359255,1704,0.005116718684295418,0.011143016141065498
105,101,med1,low1,M105_med1,M101_low1,False,4,0.028798123023281108,0.05909503311840584,2.7092500620086146,1704,0.005116718684295418,0.011437105898792543
105,101,med2,low1,M105_med2,M101_low1,True,4,0.012515164325900163,0.027856333499584236,3.199903997692797,1704,0.005116718684295418,0.012573169568371734
106,101,low1,low1,M106_low1,M101_low1,False,4,0.9984321245777842,0.9999999999922596,0.028519470141010667,1704,0.005116718684295418,0.005183672394150185
106,101,low2,low1,M106_low2,M101_low1,False,4,0.9984902929560592,0.9999999999922596,0.027975306255106597,1704,0.005116718684295418,0.00518239497259898
106,101,med1,low1,M106_med1,M101_low1,True,4,1.4373766031861024e-06,6.297078452053401e-06,8.225826911731533,1704,0.005116718684295418,0.02406161596705647
106,101,med2,low1,M106_med2,M101_low1,False,4,0.3884268770397221,0.6101087719633695,1.0336677981331568,1704,0.005116718684295418,0.007537665836354512
101,101,low1,low2,M101_low1,M101_low2,False,4,0.7246885330577579,0.9709419180773845,0.5150576050709031,1704,0.018806691083851246,0.01999785935647469
101,101,med1,low2,M101_med1,M101_low2,False,4,0.07749515740154089,0.14649769481387181,2.10782192993637,1704,0.018806691083851246,0.023663196395101727
101,101,med2,low2,M101_med2,M101_low2,False,4,0.3887003974037887,0.6101087719633695,1.0331444693766638,1704,0.018806691083851246,0.021193119202985722
102,101,low1,low2,M102_low1,M101_low2,False,4,0.5649349536001782,0.8057986935072309,0.7396250823535915,1704,0.018806691083851246,0.02051630926773762
102,101,low2,low2,M102_low2,M101_low2,False,4,0.6202655589205939,0.8712126934457196,0.6593985709938923,1704,0.018806691083851246,0.020331156536187
102,101,med1,low2,M102_med1,M101_low2,False,4,0.26746957514661374,0.4515082736419902,1.3010078990294898,1704,0.018806691083851246,0.021809954743157833
102,101,med2,low2,M102_med2,M101_low2,False,4,0.5436753511655799,0.7809649885561597,0.7715388658356471,1704,0.018806691083851246,0.02058994282356086
103,101,low1,low2,M103_low1,M101_low2,False,4,0.281923648732492,0.4712952044274551,1.2643356064906583,1704,0.018806691083851246,0.021725551774850804
103,101,low2,low2,M103_low2,M101_low2,False,4,0.0662814542150234,0.12792784170172347,2.204568316358684,1704,0.018806691083851246,0.02388495022686188
103,101,med1,low2,M103_med1,M101_low2,False,4,0.30188337112841923,0.49595125256811734,1.216219830173993,1704,0.018806691083851246,0.021614789007528
103,101,med2,low2,M103_med2,M101_low2,False,4,0.2626397418954789,0.44471514578620963,1.3136386278991727,1704,0.018806691083851246,0.021839021574855177
104,101,low1,low2,M104_low1,M101_low2,False,4,0.9915232373165662,0.9999999999922596,0.06807472997425901,1704,0.018806691083851246,0.018964292832194696
104,101,low2,low2,M104_low2,M101_low2,False,4,0.4578604370207975,0.6849294342424939,0.9088319265551829,1704,0.018806691083851246,0.020906588079328214
104,101,med1,low2,M104_med1,M101_low2,False,4,0.8223911025726294,0.9999999999922596,0.3809335342509815,1704,0.018806691083851246,0.01968795063225115
104,101,med2,low2,M104_med2,M101_low2,False,4,0.6865605039883318,0.9334517197082738,0.5671005061165393,1704,0.018806691083851246,0.020118057562884983
105,101,low1,low2,M105_low1,M101_low2,True,4,0.00023467966209533841,0.0007318823360261402,5.445371223907729,1704,0.018806691083851246,0.0312554782043335
105,101,low2,low2,M105_low2,M101_low2,True,4,0.0005874574328744719,0.0017067184365616237,4.936245631348502,1704,0.018806691083851246,0.030104956969458474
105,101,med1,low2,M105_med1,M101_low2,True,4,0.02222762345044249,0.0464759399418343,2.862956951968567,1704,0.018806691083851246,0.02539138139672137
105,101,med2,low2,M105_med2,M101_low2,True,4,0.013337444273497367,0.029567346341247178,3.162815715085382,1704,0.018806691083851246,0.02607593553550469
106,101,low1,low2,M106_low1,M101_low2,False,4,0.9998842281883557,0.9999999999922596,0.007642701994766351,1704,0.018806691083851246,0.018824387444467905
106,101,low2,low2,M106_low2,M101_low2,False,4,0.9986416320590805,0.9999999999922596,0.026510261266575373,1704,0.018806691083851246,0.018868071765277716
106,101,med1,low2,M106_med1,M101_low2,True,4,1.6539633862500125e-07,8.215689886736932e-07,9.392070637585451,1704,0.018806691083851246,0.040082474461119455
106,101,med2,low2,M106_med2,M101_low2,True,4,0.00013923914008395766,0.00045479293092511616,5.733462310032229,1704,0.018806691083851246,0.031905297547691225
101,101,low1,med1,M101_low1,M101_med1,False,4,0.9994922288602783,0.9999999999922596,0.01609637040389626,1704,0.007897531087059817,0.007935215198542678
101,101,low2,med1,M101_low2,M101_med1,False,4,0.9211355299730053,0.9999999999922596,0.23085310027646036,1704,0.007897531087059817,0.008437720411803573
101,101,med2,med1,M101_med2,M101_med1,False,4,0.9901703850736061,0.9999999999922596,0.07357248731752523,1704,0.007897531087059817,0.008069752386322238
102,101,low1,med1,M102_low1,M101_med1,False,4,0.4058742557322633,0.6275702777708946,1.0008336935619129,1704,0.007897531087059817,0.01023520649482701
102,101,low2,med1,M102_low2,M101_med1,True,4,0.016688666229508486,0.03626828251452238,3.0317132752175655,1704,0.007897531087059817,0.014945092244957658
102,101,med1,med1,M102_med1,M101_med1,False,4,0.132655069288667,0.24087367844521113,1.7681033280389797,1704,0.007897531087059817,0.012019893128348502
102,101,med2,med1,M102_med2,M101_med1,False,4,0.10533398709133246,0.19511530494770307,1.915329321550692,1704,0.007897531087059817,0.012361608421524561
103,101,low1,med1,M103_low1,M101_med1,False,4,0.5739386066095233,0.8123438739704023,0.7263093487653903,1704,0.007897531087059817,0.009595089424791814
103,101,low2,med1,M103_low2,M101_med1,False,4,0.061247963988619536,0.11988963163729782,2.253160896406227,1704,0.007897531087059817,0.013144831326520556
103,101,med1,med1,M103_med1,M101_med1,False,4,0.10373556041900345,0.19280144562723872,1.9250070754931954,1704,0.007897531087059817,0.01238406245612611
103,101,med2,med1,M103_med2,M101_med1,False,4,0.181687012400631,0.3204192678758732,1.56282851288974,1704,0.007897531087059817,0.01154305015486401
104,101,low1,med1,M104_low1,M101_med1,False,4,0.8210922599726076,0.9999999999922596,0.38275909661401325,1704,0.007897531087059817,0.008792855102017993
104,101,low2,med1,M104_low2,M101_med1,False,4,0.39476190222636265,0.6173047309602044,1.0216186479541012,1704,0.007897531087059817,0.010283637734554096
104,101,med1,med1,M104_med1,M101_med1,False,4,0.20806772276814223,0.3611741602767752,1.4724040343315137,1704,0.007897531087059817,0.011332852612545019
104,101,med2,med1,M104_med2,M101_med1,False,4,0.5088501104835113,0.7391717394392059,0.8254462556444593,1704,0.007897531087059817,0.009826345566092964
105,101,low1,med1,M105_low1,M101_med1,False,4,0.6657020864764904,0.9163779345013036,0.5958166871192824,1704,0.007897531087059817,0.009290525157144902
105,101,low2,med1,M105_low2,M101_med1,False,4,0.7151522576064118,0.967558936761616,0.5280390859579077,1704,0.007897531087059817,0.009132261222963067
105,101,med1,med1,M105_med1,M101_med1,False,4,0.13804575068572933,0.24902370711935487,1.7424141733512761,1704,0.007897531087059817,0.011960243712875185
105,101,med2,med1,M105_med2,M101_med1,False,4,0.23958537995677176,0.40692655303427083,1.3768313669480943,1704,0.007897531087059817,0.011110590573411017
106,101,low1,med1,M106_low1,M101_med1,False,4,0.9841416116337284,0.9999999999922596,0.0947628487831881,1704,0.007897531087059817,0.008119344506688164
106,101,low2,med1,M106_low2,M101_med1,False,4,0.9849709781795664,0.9999999999922596,0.09208958281983735,1704,0.007897531087059817,0.008113088495637744
106,101,med1,med1,M106_med1,M101_med1,True,4,0.002816289025621921,0.007131153863042662,4.056015840723297,1704,0.007897531087059817,0.017303624457728484
106,101,med2,med1,M106_med2,M101_med1,False,4,0.269612505241858,0.453738118577761,1.2954661239804777,1704,0.007897531087059817,0.010921290290314634
101,101,low1,med2,M101_low1,M101_med2,False,4,0.8543920015488616,0.9999999999922596,0.33517013701776294,1704,0.0012108357649895929,0.0020002156457347153
101,101,low2,med2,M101_low2,M101_med2,False,4,0.9036433407070781,0.9999999999922596,0.2599715476232321,1704,0.0012108357649895929,0.0018232193932041785
101,101,med1,med2,M101_med1,M101_med2,False,4,0.4837448204761028,0.713019782842747,0.8657671701413685,1704,0.0012108357649895929,0.0032473095258452878
102,101,low1,med2,M102_low1,M101_med2,True,4,3.6864229217670186e-05,0.0001347619505175758,6.462762934495532,1704,0.0012108357649895929,0.016214894561303428
102,101,low2,med2,M102_low2,M101_med2,False,4,0.2345142714257431,0.3995428327994142,1.391435128991832,1704,0.0012108357649895929,0.004479748683701823
102,101,med1,med2,M102_med1,M101_med2,False,4,0.7649365184967221,0.9999999999922596,0.46027856941552175,1704,0.0012108357649895929,0.0022945465350637795
102,101,med2,med2,M102_med2,M101_med2,False,4,0.38694987560201977,0.6101087719633695,1.0364986567740786,1704,0.0012108357649895929,0.0036479274108014437
103,101,low1,med2,M103_low1,M101_med2,False,4,0.3890548690780907,0.6101087719633695,1.0324666759820147,1704,0.0012108357649895929,0.003638470164483709
103,101,low2,med2,M103_low2,M101_med2,False,4,0.2159874975210333,0.3725784332237824,1.4472491500798326,1704,0.0012108357649895929,0.004610426829930514
103,101,med1,med2,M103_med1,M101_med2,True,4,0.018008436413965212,0.0389829682372894,2.987027463639413,1704,0.0012108357649895929,0.008202051600389892
103,101,med2,med2,M103_med2,M101_med2,True,4,0.009380184006115067,0.021574423214064654,3.367293406451517,1704,0.0012108357649895929,0.009085057247197992
104,101,low1,med2,M104_low1,M101_med2,False,4,0.4576843821262322,0.6849294342424939,0.9091305113753887,1704,0.0012108357649895929,0.00334909122306426
104,101,low2,med2,M104_low2,M101_med2,False,4,0.28549778579715623,0.4732575908709617,1.2555136482689138,1704,0.0012108357649895929,0.004161370257297348
104,101,med1,med2,M104_med1,M101_med2,False,4,0.478676509582906,0.7102941755101185,0.8740737528880443,1704,0.0012108357649895929,0.0032668082052965675
104,101,med2,med2,M104_med2,M101_med2,False,4,0.6436125630939764,0.8973807894355895,0.6265224830701133,1704,0.0012108357649895929,0.0026853845067028592
105,101,low1,med2,M105_low1,M101_med2,False,4,0.753544769370599,0.9948450406420662,0.47580329536396004,1704,0.0012108357649895929,0.0023310579957575017
105,101,low2,med2,M105_low2,M101_med2,False,4,0.7961844350518402,0.9999999999922596,0.4174252334771264,1704,0.0012108357649895929,0.0021937490564705175
105,101,med1,med2,M105_med1,M101_med2,False,4,0.8675396481915107,0.9999999999922596,0.31580272444063373,1704,0.0012108357649895929,0.0019546362251559035
105,101,med2,med2,M105_med2,M101_med2,False,4,0.9246778603007353,0.9999999999922596,0.22472306464089487,1704,0.0012108357649895929,0.0017402328014322066
106,101,low1,med2,M106_low1,M101_med2,False,4,0.9995224679873372,0.9999999999922596,0.015604607993076947,1704,0.0012108357649895929,0.0012476148551425759
106,101,low2,med2,M106_low2,M101_med2,False,4,0.9995009980140375,0.9999999999922596,0.01595527340777627,1704,0.0012108357649895929,0.0012484413205888778
106,101,med1,med2,M106_med1,M101_med2,False,4,0.9996580965514186,0.9999999999922596,0.013182633595251453,1704,0.0012108357649895929,0.0012419065897583126
106,101,med2,med2,M106_med2,M101_med2,False,4,0.9947599838753215,0.9999999999922596,0.052991341402725635,1704,0.0012108357649895929,0.001335722041567844
101,102,low1,low1,M101_low1,M102_low1,False,4,0.8053151013452579,0.9999999999922596,0.4047853079311081,1704,0.008775365853962547,0.009721325165656824
101,102,low2,low1,M101_low2,M102_low1,True,4,0.0004392794115986032,0.0013178382347958095,5.097939672857653,1704,0.008775365853962547,0.02055857132064076
101,102,med1,low1,M101_med1,M102_low1,True,4,8.4924172694123e-08,4.340568826588509e-07,9.750676976406233,1704,0.008775365853962547,0.031070858645408705
101,102,med2,low1,M101_med2,M102_low1,False,4,0.971416270686112,0.9999999999922596,0.13021418434068383,1704,0.008775365853962547,0.009079865811532195
102,102,low2,low1,M102_low2,M102_low1,False,4,0.9085006578239841,0.9999999999922596,0.252057443028839,1704,0.008775365853962547,0.009364621359600367
102,102,med1,low1,M102_med1,M102_low1,False,4,0.7644469121253354,0.9999999999922596,0.46094652645067186,1704,0.008775365853962547,0.009852427999065605
102,102,med2,low1,M102_med2,M102_low1,False,4,0.3604643903517213,0.5801059576505836,1.0887438880191755,1704,0.008775365853962547,0.011315599713530244
103,102,low1,low1,M103_low1,M102_low1,False,4,0.11058985640608054,0.2034853357871882,1.8844455381206955,1704,0.008775365853962547,0.013163894223019446
103,102,low2,low1,M103_low2,M102_low1,True,4,0.001978443702802646,0.005210557658347018,4.255730510606647,1704,0.008775365853962547,0.018631273421760075
103,102,med1,low1,M103_med1,M102_low1,True,4,1.9790654940510244e-05,7.747830870327414e-05,6.802436735460217,1704,0.008775365853962547,0.024436043367561222
103,102,med2,low1,M103_med2,M102_low1,True,4,0.001365498389594988,0.0037314609458239272,4.464491203005889,1704,0.008775365853962547,0.019109704719785237
104,102,low1,low1,M104_low1,M102_low1,False,4,0.08006526831476068,0.15083968638139214,2.0875247131657817,1704,0.008775365853962547,0.013634510011049983
104,102,low2,low1,M104_low2,M102_low1,True,4,0.00402602271110597,0.009790152143306146,3.852888312636618,1704,0.008775365853962547,0.017706731643303275
104,102,med1,low1,M104_med1,M102_low1,True,4,0.0019176656202222198,0.005089189530589737,4.273333851793574,1704,0.008775365853962547,0.01867163423192597
104,102,med2,low1,M104_med2,M102_low1,True,4,3.6447429141439613e-07,1.7195710159038176e-06,8.966494357137332,1704,0.008775365853962547,0.029314934381226787
105,102,low1,low1,M105_low1,M102_low1,True,4,0.018614070233518687,0.03998041544319967,2.9675788588091674,1704,0.008775365853962547,0.015668771268591453
105,102,low2,low1,M105_low2,M102_low1,False,4,0.04319054901510666,0.08701161699393752,2.465980846563978,1704,0.008775365853962547,0.014510347816843239
105,102,med1,low1,M105_med1,M102_low1,False,4,0.9898597519346968,0.9999999999922596,0.07478580004806486,1704,0.008775365853962547,0.008950271923111042
105,102,med2,low1,M105_med2,M102_low1,False,4,0.9851103131234225,0.9999999999922596,0.09163425684666643,1704,0.008775365853962547,0.008989667907788323
106,102,low1,low1,M106_low1,M102_low1,True,4,0.0034704190246928057,0.008552104025135843,3.937430563568465,1704,0.008775365853962547,0.01790090448554149
106,102,low2,low1,M106_low2,M102_low1,True,4,0.0032088437831315764,0.008014849630265294,3.9819670661259594,1704,0.008775365853962547,0.01800316305456806
106,102,med1,low1,M106_med1,M102_low1,False,4,0.9539283598689804,0.9999999999922596,0.16961114568684954,1704,0.008775365853962547,0.00917195695616746
106,102,med2,low1,M106_med2,M102_low1,False,4,0.9318819519016263,0.9999999999922596,0.21195983069334068,1704,0.008775365853962547,0.009270928724076088
101,102,low1,low2,M101_low1,M102_low2,False,4,0.03405530732946549,0.06962418387357389,2.6090402417431413,1704,0.0003585808824648762,0.006475736715051639
101,102,low2,low2,M101_low2,M102_low2,True,4,4.0801019607350497e-07,1.8926187246434853e-06,8.90566699386121,1704,0.0003585808824648762,0.020934928937228592
101,102,med1,low2,M101_med1,M102_low2,True,4,8.62881988084041e-11,5.808668992955983e-10,13.444611962564819,1704,0.0003585808824648762,0.031099561246819674
101,102,med2,low2,M101_med2,M102_low2,False,4,0.7192656837656135,0.9687487888934467,0.5224378111884683,1704,0.0003585808824648762,0.001589512775357571
102,102,low1,low2,M102_low1,M102_low2,False,4,0.6553089263443581,0.9065928003561045,0.6102210092379915,1704,0.0003585808824648762,0.001796044069281244
102,102,med1,low2,M102_med1,M102_low2,False,4,0.19240785611809252,0.3350445948807163,1.524750664170569,1704,0.0003585808824648762,0.003942626056441134
102,102,med2,low2,M102_med2,M102_low2,False,4,0.9898716967852216,0.9999999999922596,0.07473945433873594,1704,0.0003585808824648762,0.0005348628387646936
103,102,low1,low2,M103_low1,M102_low2,True,4,0.0004086909986475984,0.001232772848379641,5.138027714600676,1704,0.0003585808824648762,0.012334166546298042
103,102,low2,low2,M103_low2,M102_low2,True,4,3.4124024717030466e-08,1.760416976056151e-07,10.24062779042121,1704,0.0003585808824648762,0.023946545786662443
103,102,med1,low2,M103_med1,M102_low2,True,4,8.111940896782244e-09,4.629366179745155e-08,11.01159497857033,1704,0.0003585808824648762,0.0256773913713908
103,102,med2,low2,M103_med2,M102_low2,True,4,2.0413673529340315e-08,1.0940143483685295e-07,10.516483453886682,1704,0.0003585808824648762,0.024566556502314207
104,102,low1,low2,M104_low1,M102_low2,True,4,0.011698856016066572,0.02625109154824694,3.2391564235634065,1704,0.0003585808824648762,0.007941899744976277
104,102,low2,low2,M104_low2,M102_low2,True,4,0.004788908000042391,0.01144362431178961,3.7538525717587525,1704,0.0003585808824648762,0.00913629478940814
104,102,med1,low2,M104_med1,M102_low2,False,4,0.9275072321159427,0.9999999999922596,0.21976011100547405,1704,0.0003585808824648762,0.0008767341327661216
104,102,med2,low2,M104_med2,M102_low2,False,4,0.18649966958053588,0.3268184685982724,1.5454926190386031,1704,0.0003585808824648762,0.003991204462407971
105,102,low1,low2,M105_low1,M102_low2,False,4,0.5342266623834417,0.7719715121352352,0.7859531148409061,1704,0.0003585808824648762,0.0022092398933564183
105,102,low2,low2,M105_low2,M102_low2,False,4,0.6023115473000975,0.8481529951776883,0.6850373688925153,1704,0.0003585808824648762,0.001972000292496001
105,102,med1,low2,M105_med1,M102_low2,False,4,0.11996885470379415,0.21972462047321792,1.8325793710963898,1704,0.0003585808824648762,0.004663085653020649
105,102,med2,low2,M105_med2,M102_low2,False,4,0.06147471046660691,0.11990826917868203,2.2508915316071265,1704,0.0003585808824648762,0.0056404581030632395
106,102,low1,low2,M106_low1,M102_low2,False,4,0.39885592127744074,0.6201928691412599,1.0139100914441708,1704,0.0003585808824648762,0.0027447217446927574
106,102,low2,low2,M106_low2,M102_low2,False,4,0.40340594575724453,0.6255058484775252,1.0054129942147523,1704,0.0003585808824648762,0.0027247719693569428
106,102,med1,low2,M106_med1,M102_low2,False,4,0.540721080182474,0.7793160215684743,0.7760297406532687,1704,0.0003585808824648762,0.002185916350440742
106,102,med2,low2,M106_med2,M102_low2,False,4,0.42553171743069573,0.6492061246126434,0.9650872249689764,1704,0.0003585808824648762,0.0026300828661681708
101,102,low1,med1,M101_low1,M102_med1,True,4,0.0041171096121700446,0.009954598597440177,3.8401350311747136,1704,0.005855504475388185,0.0147837953561758
101,102,low2,med1,M101_low2,M102_med1,True,4,4.463962576461977e-05,0.00016105276746451055,6.358057438275061,1704,0.005855504475388185,0.02055141099278135
101,102,med1,med1,M101_med1,M102_med1,True,4,2.8349322889198447e-11,1.9561032793546928e-10,14.040089894855928,1704,0.005855504475388185,0.03773808566628267
101,102,med2,med1,M101_med2,M102_med1,False,4,0.2919950312463979,0.48113808133734826,1.239712163295625,1704,0.005855504475388185,0.008755464140062896
102,102,low1,med1,M102_low1,M102_med1,False,4,0.6422331563574828,0.8973807894355895,0.6284518999189491,1704,0.005855504475388185,0.007327709282699546
102,102,low2,med1,M102_low2,M102_med1,False,4,0.07317629112868429,0.1401950601559302,2.143408109910737,1704,0.005855504475388185,0.010858768986072187
102,102,med2,med1,M102_med2,M102_med1,True,4,0.011489457578547468,0.025886451360645726,3.2496568749570933,1704,0.005855504475388185,0.013421385249686724
103,102,low1,med1,M103_low1,M102_med1,True,4,3.630153702083305e-07,1.7195710159038176e-06,8.968656264716989,1704,0.005855504475388185,0.026460440566625887
103,102,low2,med1,M103_low2,M102_med1,True,4,2.220446049250313e-16,2.3570888830503323e-15,20.273854160278706,1704,0.005855504475388185,0.051247526385171605
103,102,med1,med1,M103_med1,M102_med1,True,4,2.220446049250313e-16,2.3570888830503323e-15,20.287758212292033,1704,0.005855504475388185,0.05127723445277832
103,102,med2,med1,M103_med2,M102_med1,True,4,0.0,0.0,22.71394532497261,1704,0.005855504475388185,0.05643281077955631
104,102,low1,med1,M104_low1,M102_med1,True,4,7.542975915986183e-05,0.00026690530164258803,6.070529390704974,1704,0.005855504475388185,0.01989620976055606
104,102,low2,med1,M104_low2,M102_med1,True,4,6.962730259019168e-07,3.1503500844086724e-06,8.617368736712915,1704,0.005855504475388185,0.025669464350620563
104,102,med1,med1,M104_med1,M102_med1,True,4,0.00982647292983685,0.022414103542437773,3.340381063341616,1704,0.005855504475388185,0.013630958089697498
104,102,med2,med1,M104_med2,M102_med1,True,4,0.00010604458844187814,0.0003591203240485689,5.883364164573044,1704,0.005855504475388185,0.019469237921696192
105,102,low1,med1,M105_low1,M102_med1,False,4,0.9991086574708937,0.9999999999922596,0.021401839118207616,1704,0.005855504475388185,0.0059057120176176925
105,102,low2,med1,M105_low2,M102_med1,False,4,0.9988667861876865,0.9999999999922596,0.024176127530537668,1704,0.005855504475388185,0.005912219974966826
105,102,med1,med1,M105_med1,M102_med1,True,4,0.011935310282540912,0.02667324403223718,3.2275178355733525,1704,0.005855504475388185,0.01337023055911235
105,102,med2,med1,M105_med2,M102_med1,True,4,0.002929770533904086,0.007351060612341161,4.033613231528609,1704,0.005855504475388185,0.015229389465763243
106,102,low1,med1,M106_low1,M102_med1,False,4,0.9979183400520291,0.9999999999922596,0.03295886339343234,1704,0.005855504475388185,0.0059328220549086375
106,102,low2,med1,M106_low2,M102_med1,False,4,0.9974993645346021,0.9999999999922596,0.03620162789144313,1704,0.005855504475388185,0.005940428545494925
106,102,med1,med1,M106_med1,M102_med1,False,4,0.321310036482634,0.5247430181609881,1.171868993478758,1704,0.005855504475388185,0.00859720170105105
106,102,med2,med1,M106_med2,M102_med1,False,4,0.3169490491370661,0.5191568994767374,1.1816285716794466,1704,0.005855504475388185,0.00861997165388062
101,102,low1,med2,M101_low1,M102_med2,True,4,0.003409072231848831,0.008438600322782756,3.9475712443768307,1704,0.0012626765793266603,0.01048084147830064
101,102,low2,med2,M101_low2,M102_med2,True,4,8.134936946291305e-09,4.629366179745155e-08,11.010076924557639,1704,0.0012626765793266603,0.026555189259134027
101,102,med1,med2,M101_med1,M102_med2,True,4,2.3314683517128287e-15,2.1449508835758023e-14,19.08447236927441,1704,0.0012626765793266603,0.0443044360679391
101,102,med2,med2,M101_med2,M102_med2,False,4,0.13131364253771471,0.23922485373207436,1.7746451043330806,1704,0.0012626765793266603,0.005427897846566387
102,102,low1,med2,M102_low1,M102_med2,False,4,0.5890171997939253,0.8315536938267181,0.7042520549999103,1704,0.0012626765793266603,0.002919775805023561
102,102,low2,med2,M102_low2,M102_med2,False,4,0.9450359520875831,0.9999999999922596,0.18740532887822361,1704,0.0012626765793266603,0.0017041773627108903
102,102,med1,med2,M102_med1,M102_med2,True,4,2.1204370392102767e-05,8.242825673549809e-05,6.764805268374461,1704,0.0012626765793266603,0.016956128754535005
103,102,low1,med2,M103_low1,M102_med2,True,4,3.657617986263517e-09,2.218686954304903e-08,11.438597857020246,1704,0.0012626765793266603,0.02751371960678939
103,102,low2,med2,M103_low2,M102_med2,True,4,0.0,0.0,23.799291677063895,1704,0.0012626765793266603,0.05437244864441071
103,102,med1,med2,M103_med1,M102_med2,True,4,0.0,0.0,25.654036285680785,1704,0.0012626765793266603,0.058275167492092494
103,102,med2,med2,M103_med2,M102_med2,True,4,0.0,0.0,25.259205947924702,1704,0.0012626765793266603,0.05744707415064876
104,102,low1,med2,M104_low1,M102_med2,True,4,0.004937522576101694,0.011747898543138513,3.7363811908538893,1704,0.0012626765793266603,0.009991991743560469
104,102,low2,med2,M104_low2,M102_med2,True,4,0.00011248443794342755,0.00037631157421073945,5.850934531936606,1704,0.0012626765793266603,0.014864943763178706
104,102,med1,med2,M104_med1,M102_med2,False,4,0.5721856967440273,0.8119447419092624,0.7288929695307781,1704,0.0012626765793266603,0.0029776561118932676
104,102,med2,med2,M104_med2,M102_med2,True,4,0.018563237513264164,0.03998041544319967,2.9691873942945084,1704,0.0012626765793266603,0.008212067088387509
105,102,low1,med2,M105_low1,M102_med2,False,4,0.9999987990069392,0.9999999999922596,0.000774861425898607,1704,0.0012626765793266603,0.0012645028486161225
105,102,low2,med2,M105_low2,M102_med2,False,4,0.9999854175064684,0.9999999999922596,0.002703517873939779,1704,0.0012626765793266603,0.0012690484660020651
105,102,med1,med2,M105_med1,M102_med2,False,4,0.739086018042979,0.9869341617210823,0.49547530627271485,1704,0.0012626765793266603,0.0024290995820719363
105,102,med2,med2,M105_med2,M102_med2,False,4,0.6549210161912067,0.9065928003561045,0.6107600409182895,1704,0.0012626765793266603,0.0027001064879266234
106,102,low1,med2,M106_low1,M102_med2,False,4,0.9999971988268124,0.9999999999922596,0.0011837020613773553,1704,0.0012626765793266603,0.001265466441571217
106,102,low2,med2,M106_low2,M102_med2,False,4,0.9999930876508808,0.9999999999922596,0.001860293896465991,1704,0.0012626765793266603,0.0012670610909265578
106,102,med1,med2,M106_med1,M102_med2,False,4,0.765253307175138,0.9999999999922596,0.4598463426495782,1704,0.0012626765793266603,0.0023453145930413255
106,102,med2,med2,M106_med2,M102_med2,False,4,0.8326948563659519,0.9999999999922596,0.3663737873954889,1704,0.0012626765793266603,0.0021254378364015114
101,103,low1,low1,M101_low1,M103_low1,True,4,0.004129715722488769,0.009954598597440177,3.838391937012032,1704,0.013066077950080857,0.021925624374152464
101,103,low2,low1,M101_low2,M103_low1,True,4,1.4681738824684487e-08,8.104319831225838e-08,10.69336327932924,1704,0.013066077950080857,0.03735841120500838
101,103,med1,low1,M101_med1,M103_low1,True,4,0.003809318828759345,0.009304176962279462,3.884409019319286,1704,0.013066077950080857,0.022030873456304167
101,103,med2,low1,M101_med2,M103_low1,False,4,0.22663308786194158,0.38731103560307045,1.4146878166101047,1704,0.013066077950080857,0.0163499898913414
102,103,low1,low1,M102_low1,M103_low1,True,4,3.1249348946271738e-06,1.3167664594154198e-05,7.805529405715708,1704,0.013066077950080857,0.030916716454625903
102,103,low2,low1,M102_low2,M103_low1,True,4,2.93307156340461e-10,1.904771179999229e-09,12.789893746427385,1704,0.013066077950080857,0.04198160246133098
102,103,med1,low1,M102_med1,M103_low1,True,4,0.0,0.0,39.279338138762675,1704,0.013066077950080857,0.09678887486969301
102,103,med2,low1,M102_med2,M103_low1,True,4,0.0,0.0,25.003596179717608,1704,0.013066077950080857,0.0680559375368962
103,103,low2,low1,M103_low2,M103_low1,False,4,0.6718144535861488,0.9199452657854963,0.5873770665056235,1704,0.013066077950080857,0.014432213443437925
103,103,med1,low1,M103_med1,M103_low1,True,4,0.00015755220751956234,0.000502709933819644,5.665362831474247,1704,0.013066077950080857,0.02608689472345993
103,103,med2,low1,M103_med2,M103_low1,True,4,0.008013233014014243,0.018585313545108662,3.458297857771586,1704,0.013066077950080857,0.021055415904194463
104,103,low1,low1,M104_low1,M103_low1,False,4,0.06278910208890998,0.12204078997562785,2.237891486897114,1704,0.013066077950080857,0.018250852133629314
104,103,low2,low1,M104_low2,M103_low1,True,4,0.015807328156355993,0.034488715977503984,3.0635139426482287,1704,0.013066077950080857,0.020149934791311774
104,103,med1,low1,M104_med1,M103_low1,True,4,1.927406650947816e-07,9.415296206399951e-07,9.309706124309066,1704,0.013066077950080857,0.03428270154368551
104,103,med2,low1,M104_med2,M103_low1,True,4,0.00012308207662503623,0.0004044125374822619,5.801385318753886,1704,0.013066077950080857,0.026395295737870916
105,103,low1,low1,M105_low1,M103_low1,True,4,0.0,0.0,47.68663636944331,1704,0.013066077950080857,0.11289616206043296
105,103,low2,low1,M105_low2,M103_low1,True,4,0.0,0.0,39.07234411928459,1704,0.013066077950080857,0.09638492008314559
105,103,med1,low1,M105_med1,M103_low1,True,4,0.0015484997017107816,0.0041799582514983925,4.393785679608105,1704,0.013066077950080857,0.023194395301549875
105,103,med2,low1,M105_med2,M103_low1,True,4,0.00024934745027516136,0.0007732572615274667,5.411845552947424,1704,0.013066077950080857,0.02551157843537477
106,103,low1,low1,M106_low1,M103_low1,True,4,0.0,0.0,56.85211824318734,1704,0.013066077950080857,0.12981396961501734
106,103,low2,low1,M106_low2,M103_low1,True,4,0.0,0.0,60.191693805567695,1704,0.013066077950080857,0.13581893269010636
106,103,med1,low1,M106_med1,M103_low1,True,4,1.5053069901682647e-11,1.0933282349643186e-10,14.378712176460569,1704,0.013066077950080857,0.04545573516256152
106,103,med2,low1,M106_med2,M103_low1,True,4,9.142464563183239e-12,6.819784376861011e-11,14.645451912788564,1704,0.013066077950080857,0.04603652331719499
101,103,low1,low2,M101_low1,M103_low2,False,4,0.02486695102148284,0.05121849613380047,2.7965126358722725,1704,0.020872831545592052,0.027292158436317493
101,103,low2,low2,M101_low2,M103_low2,True,4,2.1638627753395312e-05,8.352812950960988e-05,6.753746343959483,1704,0.020872831545592052,0.03623338668681719
101,103,med1,low2,M101_med1,M103_low2,True,4,0.010043049235562651,0.022813840238808985,3.327749326009057,1704,0.020872831545592052,0.028502097598537612
101,103,med2,low2,M101_med2,M103_low2,False,4,0.4257474947640886,0.6492061246126434,0.9647016814803603,1704,0.020872831545592052,0.02309683184991751
102,103,low1,low2,M102_low1,M103_low2,True,4,0.0006031848576902865,0.0017432358190839694,4.921527970733621,1704,0.020872831545592052,0.03211407672290789
102,103,low2,low2,M102_low2,M103_low2,True,4,0.0006840095792657319,0.001936273270536841,4.851428733964829,1704,0.020872831545592052,0.031955775653540464
102,103,med1,low2,M102_med1,M103_low2,True,4,1.546522909734449e-10,1.0285308990041155e-09,13.13241130597982,1704,0.020872831545592052,0.050304780198697996
102,103,med2,low2,M102_med2,M103_low2,True,4,1.9041409883291394e-06,8.211608012169413e-06,8.073734909448689,1704,0.020872831545592052,0.03917940564439115
103,103,low1,low2,M103_low1,M103_low2,False,4,0.6614473316184426,0.9127973176334508,0.6017049490322167,1704,0.020872831545592052,0.022261174413359508
103,103,med1,low2,M103_med1,M103_low2,True,4,3.329486134162618e-05,0.00012252508973718435,6.518440126588613,1704,0.020872831545592052,0.03570631973266092
103,103,med2,low2,M103_med2,M103_low2,True,4,0.013934723191220022,0.030645287655591442,3.137250155106508,1704,0.020872831545592052,0.02806856498571353
104,103,low1,low2,M104_low1,M103_low2,True,4,0.0018001887734414579,0.004800503395843887,4.308978402650589,1704,0.020872831545592052,0.03072903836564822
104,103,low2,low2,M104_low2,M103_low2,True,4,6.24298598534967e-05,0.0002223308557363237,6.174301525242445,1704,0.020872831545592052,0.03493443808457353
104,103,med1,low2,M104_med1,M103_low2,True,4,5.259126467649367e-13,4.207301174119493e-12,16.17313858304886,1704,0.020872831545592052,0.0568690272375173
104,103,med2,low2,M104_med2,M103_low2,True,4,1.7013081832217836e-08,9.298238783548758e-08,10.614280429801427,1704,0.020872831545592052,0.04479913214316644
105,103,low1,low2,M105_low1,M103_low2,True,4,0.0,0.0,29.36121275840003,1704,0.020872831545592052,0.08431942103850842
105,103,low2,low2,M105_low2,M103_low2,True,4,0.0,0.0,24.178794249866094,1704,0.020872831545592052,0.07372523722797175
105,103,med1,low2,M105_med1,M103_low2,True,4,0.00010203489941296162,0.00034983394084443987,5.904560311121842,1704,0.020872831545592052,0.03432856075794033
105,103,med2,low2,M105_med2,M103_low2,True,4,6.911153306865536e-06,2.7644613227462145e-05,7.37497270685071,1704,0.020872831545592052,0.03762211910958879
106,103,low1,low2,M106_low1,M103_low2,True,4,0.0,0.0,35.013245185743685,1704,0.020872831545592052,0.09560074398599894
106,103,low2,low2,M106_low2,M103_low2,True,4,0.0,0.0,37.136103405253024,1704,0.020872831545592052,0.0997664399793522
106,103,med1,low2,M106_med1,M103_low2,True,4,2.3606865573455593e-08,1.2529797881295661e-07,10.438471108697074,1704,0.020872831545592052,0.044412357211839115
106,103,med2,low2,M106_med2,M103_low2,True,4,2.009303845529331e-08,1.0873879634629321e-07,10.524980836879067,1704,0.020872831545592052,0.04460271500558621
101,103,low1,med1,M101_low1,M103_med1,True,4,0.0037498751331330737,0.00919969365995314,3.893364265492325,1704,0.03205647442136572,0.04086885653321093
101,103,low2,med1,M101_low2,M103_med1,True,4,1.6669515712219862e-07,8.215689886736932e-07,9.387860305187559,1704,0.03205647442136572,0.05303575015367035
101,103,med1,med1,M101_med1,M103_med1,True,4,0.0006546678434153907,0.0018821700498192484,4.875879144872807,1704,0.03205647442136572,0.04306741864899677
101,103,med2,med1,M101_med2,M103_med1,False,4,0.37671777352333624,0.602748437637338,1.0563420669806132,1704,0.03205647442136572,0.03446340521141744
102,103,low1,med1,M102_low1,M103_med1,True,4,0.00032249385167193445,0.0009781132204555374,5.269426613243219,1704,0.03205647442136572,0.04394523063472622
102,103,low2,med1,M102_low2,M103_med1,True,4,5.795384764306633e-07,2.665876991581051e-06,8.716395661816682,1704,0.03205647442136572,0.0515654555395999
102,103,med1,med1,M102_med1,M103_med1,True,4,0.0,0.0,27.129852027237263,1704,0.03205647442136572,0.09029851939543199
102,103,med2,med1,M102_med2,M103_med1,True,4,1.3988810110276972e-14,1.2065348720113889e-13,18.116354980357276,1704,0.03205647442136572,0.07174179626738086
103,103,low1,med1,M103_low1,M103_med1,False,4,0.5006775232904297,0.733087514207738,0.8384271862639807,1704,0.03205647442136572,0.0339678552189806
103,103,low2,med1,M103_low2,M103_med1,False,4,0.7934347631945429,0.9999999999922596,0.421218907239324,1704,0.03205647442136572,0.03301768087748502
103,103,med2,med1,M103_med2,M103_med1,False,4,0.979939265774746,0.9999999999922596,0.1074749970237784,1704,0.03205647442136572,0.032301910054019056
104,103,low1,med1,M104_low1,M103_med1,True,4,0.00016094413240552718,0.0005105813855623621,5.653618020173703,1704,0.03205647442136572,0.04480062172024746
104,103,low2,med1,M104_low2,M103_med1,True,4,0.0016424143428348525,0.004401032607984653,4.360647511675913,1704,0.03205647442136572,0.04191574923919694
104,103,med1,med1,M104_med1,M103_med1,True,4,9.992007221626409e-16,9.676470151469786e-15,19.52969208540641,1704,0.03205647442136572,0.07470142150134906
104,103,med2,med1,M104_med2,M103_med1,True,4,1.2122525205882084e-12,9.42483649809424e-12,15.726329778027262,1704,0.03205647442136572,0.06669360515704037
105,103,low1,med1,M105_low1,M103_med1,True,4,0.0,0.0,25.234711179061062,1704,0.03205647442136572,0.08645871729835675
105,103,low2,med1,M105_low2,M103_med1,True,4,1.1102230246251565e-16,1.25070022365936e-15,20.762695857293462,1704,0.03205647442136572,0.07726804479027494
105,103,med1,med1,M105_med1,M103_med1,True,4,0.0015523395680383523,0.0041799582514983925,4.392392275430516,1704,0.03205647442136572,0.0419867867228616
105,103,med2,med1,M105_med2,M103_med1,True,4,0.00021089437161014857,0.0006614414382318296,5.504430585110549,1704,0.03205647442136572,0.04446864204789969
106,103,low1,med1,M106_low1,M103_med1,True,4,0.0,0.0,29.32874988024239,1704,0.03205647442136572,0.09471351487492796
106,103,low2,med1,M106_low2,M103_med1,True,4,0.0,0.0,30.948105842579523,1704,0.03205647442136572,0.09793759047250272
106,103,med1,med1,M106_med1,M103_med1,True,4,2.187101062478547e-07,1.0590173565685596e-06,9.241644625800845,1704,0.03205647442136572,0.052715972571666714
106,103,med2,med1,M106_med2,M103_med1,True,4,3.873507528062703e-07,1.812013691093739e-06,8.933679923866668,1704,0.03205647442136572,0.052041738583443964
101,103,low1,med2,M101_low1,M103_med2,True,4,0.022851958710319198,0.04760106116262716,2.846573804761897,1704,0.017761306965079715,0.02431554369670519
101,103,low2,med2,M101_low2,M103_med2,True,4,8.757151881422232e-08,4.4348145307752954e-07,9.734170699977417,1704,0.017761306965079715,0.0398181195372328
101,103,med1,med2,M101_med1,M103_med2,True,4,0.0066592626965373825,0.015575902578341674,3.5648787225037033,1704,0.017761306965079715,0.025955643253318117
101,103,med2,med2,M101_med2,M103_med2,False,4,0.4197893790276387,0.6436770478423793,0.9754006350483448,1704,0.017761306965079715,0.020017061491469645
102,103,low1,med2,M102_low1,M103_med2,True,4,4.358638433543671e-05,0.00015828739574448068,6.371126165166109,1704,0.017761306965079715,0.03231061937255786
102,103,low2,med2,M102_low2,M103_med2,True,4,0.0006786220869955395,0.0019309247011419473,4.855839260444371,1704,0.017761306965079715,0.02888946428789274
102,103,med1,med2,M102_med1,M103_med2,True,4,8.58202398035246e-13,6.767538910220797e-12,15.911081387641763,1704,0.017761306965079715,0.05330795971324531
102,103,med2,med2,M102_med2,M103_med2,True,4,2.4044068569484267e-07,1.1541152913352448e-06,9.190629003745714,1704,0.017761306965079715,0.0386126450378802
103,103,low1,med2,M103_low1,M103_med2,False,4,0.7815093715628598,0.9999999999922596,0.4376144176362786,1704,0.017761306965079715,0.018774636442467685
103,103,low2,med2,M103_low2,M103_med2,False,4,0.7448889525269751,0.9899800632485066,0.4875825765701257,1704,0.017761306965079715,0.01889020853445067
103,103,med1,med2,M103_med1,M103_med2,False,4,0.05645816752935939,0.11130324455787995,2.303069042300055,1704,0.017761306965079715,0.023070888541766754
104,103,low1,med2,M104_low1,M103_med2,True,4,9.056901262383121e-05,0.00031442827024122534,5.970080388317882,1704,0.017761306965079715,0.031407501838346286
104,103,low2,med2,M104_low2,M103_med2,True,4,0.0005762655765491065,0.0016830613664291364,4.946958681805919,1704,0.017761306965079715,0.02909587356675547
104,103,med1,med2,M104_med1,M103_med2,True,4,5.5844218138645374e-14,4.670607335232159e-13,17.37327720372795,1704,0.017761306965079715,0.05644596945329827
104,103,med2,med2,M104_med2,M103_med2,True,4,1.648449902025284e-06,7.164916109590211e-06,8.151736285310173,1704,0.017761306965079715,0.036300132170355215
105,103,low1,med2,M105_low1,M103_med2,True,4,0.0,0.0,27.673754350258008,1704,0.017761306965079715,0.07797575523550959
105,103,low2,med2,M105_low2,M103_med2,True,4,0.0,0.0,22.883714738607395,1704,0.017761306965079715,0.06808726605616289
105,103,med1,med2,M105_med1,M103_med2,True,4,0.0004569458235960111,0.0013634275385135035,5.076029728954338,1704,0.017761306965079715,0.029388103057485515
105,103,med2,med2,M105_med2,M103_med2,True,4,2.4316593633000316e-05,9.321360892650121e-05,6.69007826555392,1704,0.017761306965079715,0.03302766821642433
106,103,low1,med2,M106_low1,M103_med2,True,4,0.0,0.0,31.769581628562502,1704,0.017761306965079715,0.08626618270618613
106,103,low2,med2,M106_low2,M103_med2,True,4,0.0,0.0,33.47357395068324,1704,0.017761306965079715,0.08967150889196729
106,103,med1,med2,M106_med1,M103_med2,True,4,5.506852144510077e-06,2.2684943162459423e-05,7.498298503877085,1704,0.017761306965079715,0.034839910980412836
106,103,med2,med2,M106_med2,M103_med2,True,4,5.864232366037392e-06,2.380188430921059e-05,7.4641684506633235,1704,0.017761306965079715,0.03476351978641201
101,104,low1,low1,M101_low1,M104_low1,True,4,0.021828511121312788,0.045814973912413154,2.8736657427197545,1704,0.00037447767641984875,0.007107788202099785
101,104,low2,low1,M101_low2,M104_low1,True,4,5.816437682493181e-06,2.3782767412861004e-05,7.468610860010378,1704,0.00037447767641984875,0.01768777038676883
101,104,med1,low1,M101_med1,M104_low1,False,4,0.2843639569126182,0.47279790426435314,1.2583021104251606,1704,0.00037447767641984875,0.0033340219915043434
101,104,med2,low1,M101_med2,M104_low1,False,4,0.4699100148201636,0.6991653050693539,0.8885828326974633,1704,0.00037447767641984875,0.00246625669550371
102,104,low1,low1,M102_low1,M104_low1,False,4,0.9429528256729682,0.9999999999922596,0.1914196571059691,1704,0.00037447767641984875,0.0008258324293296537
102,104,low2,low1,M102_low2,M104_low1,False,4,0.28260636352443413,0.4712952044274551,1.262643211972314,1704,0.00037447767641984875,0.003344201990354234
102,104,med1,low1,M102_med1,M104_low1,True,4,0.00015733480276691747,0.000502709933819644,5.6661241556920325,1704,0.00037447767641984875,0.013564486155538624
102,104,med2,low1,M102_med2,M104_low1,False,4,0.3865561767805261,0.6101087719633695,1.0372546313466762,1704,0.00037447767641984875,0.00281538472185916
103,104,low1,low1,M103_low1,M104_low1,True,4,0.019414916398269644,0.04153889089862342,2.9427858236204747,1704,0.00037447767641984875,0.00726862708263698
103,104,low2,low1,M103_low2,M104_low1,True,4,0.002450857195868794,0.006263301722775807,4.134734793136162,1704,0.00037447767641984875,0.010034056743330022
103,104,med1,low1,M103_med1,M104_low1,True,4,7.084566582493679e-06,2.813439391033461e-05,7.3615117069155644,1704,0.00037447767641984875,0.017443738842703338
103,104,med2,low1,M103_med2,M104_low1,True,4,8.636607027356913e-05,0.0003036565018535679,5.996185596442935,1704,0.00037447767641984875,0.014322106206209884
104,104,low2,low1,M104_low2,M104_low1,False,4,0.9960151413634302,0.9999999999922596,0.04599730305451601,1704,0.00037447767641984875,0.00048297345831471716
104,104,med1,low1,M104_med1,M104_low1,False,4,0.9533760972919729,0.9999999999922596,0.17075086861541014,1704,0.00037447767641984875,0.0007771164382099904
104,104,med2,low1,M104_med2,M104_low1,False,4,0.9888076806712373,0.9999999999922596,0.07877673211483144,1704,0.00037447767641984875,0.0005602773113441151
105,104,low1,low1,M105_low1,M104_low1,True,4,1.4254246338829546e-08,7.947822201044352e-08,10.709218136057833,1704,0.00037447767641984875,0.025014782971038874
105,104,low2,low1,M105_low2,M104_low1,True,4,7.108795315735605e-07,3.1902886295008573e-06,8.606162996010218,1704,0.00037447767641984875,0.02027228628049882
105,104,med1,low1,M105_med1,M104_low1,False,4,0.211336723884599,0.365698657004071,1.4619201023494177,1704,0.00037447767641984875,0.003811287833469512
105,104,med2,low1,M105_med2,M104_low1,False,4,0.06062650094833533,0.11909547517253061,2.2594219838968645,1704,0.00037447767641984875,0.005676181733302532
106,104,low1,low1,M106_low1,M104_low1,True,4,1.48610601602428e-09,9.21719686343149e-09,11.921125287052385,1704,0.00037447767641984875,0.027726901098796053
106,104,low2,low1,M106_low2,M104_low1,True,4,5.494992239007956e-10,3.4468587681049908e-09,12.453860024361457,1704,0.00037447767641984875,0.028914335923207912
106,104,med1,low1,M106_med1,M104_low1,False,4,0.06547697291831556,0.12681855807336906,2.212093957051068,1704,0.00037447767641984875,0.005565703864421789
106,104,med2,low1,M106_med2,M104_low1,False,4,0.05030118789508098,0.1002391903179953,2.373523206479615,1704,0.00037447767641984875,0.0059424274511020725
101,104,low1,low2,M101_low1,M104_low2,True,4,0.0027950802810666753,0.007110065968427672,4.060301245017367,1704,0.0002246300002920476,0.009713389779413495
101,104,low2,low2,M101_low2,M104_low2,True,4,0.0020294973159417085,0.0053093958218001095,4.241351541524847,1704,0.0002246300002920476,0.010132304048970697
101,104,med1,low2,M101_med1,M104_low2,True,4,0.009357654882776956,0.021574423214064654,3.3686849972498223,1704,0.0002246300002920476,0.00810985817652976
101,104,med2,low2,M101_med2,M104_low2,False,4,0.5058243642765506,0.7367151690782479,0.8302365393628947,1704,0.0002246300002920476,0.0021796198276432532
102,104,low1,low2,M102_low1,M104_low2,False,4,0.6732932742343125,0.9199452657854963,0.585338458107223,1704,0.0002246300002920476,0.0016037443951847363
102,104,low2,low2,M102_low2,M104_low2,False,4,0.5026535618219001,0.7340337728192827,0.8352761608075419,1704,0.0002246300002920476,0.0021914634719432113
102,104,med1,low2,M102_med1,M104_low2,True,4,0.004398600372465089,0.010556640893916214,3.8024086513617896,1704,0.0002246300002920476,0.009116065153930153
102,104,med2,low2,M102_med2,M104_low2,False,4,0.452331920173483,0.6803466483263286,0.9182468434532339,1704,0.0002246300002920476,0.0023864129555478675
103,104,low1,low2,M103_low1,M104_low2,True,4,0.009517810252726355,0.021800129707489412,3.358862841127838,1704,0.0002246300002920476,0.008087047833133854
103,104,low2,low2,M103_low2,M104_low2,True,4,0.0001515690333898645,0.0004892754762058784,5.686706004364517,1704,0.0002246300002920476,0.013463900235229365
103,104,med1,low2,M103_med1,M104_low2,True,4,5.924603668105988e-06,2.3871395801419745e-05,7.458608371925257,1704,0.0002246300002920476,0.017517728514440334
103,104,med2,low2,M103_med2,M104_low2,True,4,3.1706855303070824e-05,0.00011746432300198051,6.5451489224227535,1704,0.0002246300002920476,0.015432049145047921
104,104,low1,low2,M104_low1,M104_low2,False,4,0.8707793363851494,0.9999999999922596,0.3109654431962356,1704,0.0002246300002920476,0.000957768903335654
104,104,med1,low2,M104_med1,M104_low2,False,4,0.8618705531812926,0.9999999999922596,0.32420313105589615,1704,0.0002246300002920476,0.0009889545050918436
104,104,med2,low2,M104_med2,M104_low2,False,4,0.9454148019577677,0.9999999999922596,0.18666950686439268,1704,0.0002246300002920476,0.0006648551299325289
105,104,low1,low2,M105_low1,M104_low2,True,4,0.0004829545510224298,0.0014332844740020498,5.045256192324542,1704,0.0002246300002920476,0.011988106399765552
105,104,low2,low2,M105_low2,M104_low2,True,4,0.0028875939903119097,0.007278319098868375,4.041837853927345,1704,0.0002246300002920476,0.009670649251526275
105,104,med1,low2,M105_med1,M104_low2,False,4,0.41512290152096154,0.6382948235085537,0.9838587659867594,1704,0.0002246300002920476,0.002540522038307902
105,104,med2,low2,M105_med2,M104_low2,False,4,0.39813050114767146,0.6201928691412599,1.0152715762436206,1704,0.0002246300002920476,0.0026142874975315644
106,104,low1,low2,M106_low1,M104_low2,True,4,0.00018951968541924824,0.0005977992362938573,5.563445643848094,1704,0.0002246300002920476,0.013180655448574496
106,104,low2,low2,M106_low2,M104_low2,True,4,0.00011939242263137029,0.0003946384269012958,5.818137874612475,1704,0.0002246300002920476,0.013765743582598522
106,104,med1,low2,M106_med1,M104_low2,False,4,0.4302426529838007,0.6530230162466353,0.9567021975722398,1704,0.0002246300002920476,0.002476742549041955
106,104,med2,low2,M106_med2,M104_low2,False,4,0.36441800312960904,0.5847637724637912,1.0807582230700803,1704,0.0002246300002920476,0.002768032123221187
101,104,low1,med1,M101_low1,M104_med1,True,4,0.007061214254393211,0.016446372440612037,3.53116989654553,1704,0.001318617925963439,0.009571997389126286
101,104,low2,med1,M101_low2,M104_med1,True,4,1.0793281853826997e-06,4.8047512768649214e-06,8.380658552045421,1704,0.001318617925963439,0.020686851814971985
101,104,med1,med1,M101_med1,M104_med1,True,4,0.0007595816968680724,0.0021392300850570202,4.792946053725719,1704,0.001318617925963439,0.012488154219161496
101,104,med2,med1,M101_med2,M104_med1,False,4,0.1769009332860796,0.31297857427537157,1.5804830044454201,1704,0.001318617925963439,0.0050296121158803775
102,104,low1,med1,M102_low1,M104_med1,False,4,0.864785245565806,0.9999999999922596,0.3198940615144956,1704,0.001318617925963439,0.002071966013022508
102,104,low2,med1,M102_low2,M104_med1,True,4,0.00010024536409258822,0.0003458465061194294,5.914288828293178,1704,0.001318617925963439,0.015065373927333758
102,104,med1,med1,M102_med1,M104_med1,True,4,1.353106515722402e-11,9.958863955716879e-11,14.435733208685523,1704,0.001318617925963439,0.03421950195642587
102,104,med2,med1,M102_med2,M104_med1,True,4,4.820305155028848e-09,2.855294789258205e-08,11.290656299235456,1704,0.001318617925963439,0.02723750176859796
103,104,low1,med1,M103_low1,M104_med1,True,4,0.001982277370023322,0.005210557658347018,4.25463812803368,1704,0.001318617925963439,0.011246145591349399
103,104,low2,med1,M103_low2,M104_med1,True,4,0.0002590391131612746,0.0007988245277375618,5.390751324134784,1704,0.001318617925963439,0.013863786302988679
103,104,med1,med1,M103_med1,M104_med1,True,4,1.911248936892207e-12,1.4652908516173586e-11,15.482743055220375,1704,0.001318617925963439,0.03652165658180595
103,104,med2,med1,M103_med2,M104_med1,True,4,2.5359308950534398e-05,9.58790311006506e-05,6.667159362772255,1704,0.001318617925963439,0.016788186882691125
104,104,low1,med1,M104_low1,M104_med1,True,4,0.0009639472297018337,0.0026873680343202635,4.659753408909841,1704,0.001318617925963439,0.012181136665336045
104,104,low2,med1,M104_low2,M104_med1,False,4,0.17006364009794583,0.30282299785182615,1.6064658919130885,1704,0.001318617925963439,0.005090389853366628
104,104,med2,med1,M104_med2,M104_med1,False,4,0.99387233532997,0.9999999999922596,0.05747446536984713,1704,0.001318617925963439,0.0014540536649907398
105,104,low1,med1,M105_low1,M104_med1,True,4,7.216449660063518e-15,6.424968084443648e-14,18.473556368989843,1704,0.001318617925963439,0.043037781323517654
105,104,low2,med1,M105_low2,M104_med1,True,4,1.8247625632739073e-11,1.3081414739314244e-10,14.275763145210428,1704,0.001318617925963439,0.03386679218322508
105,104,med1,med1,M105_med1,M104_med1,False,4,0.917633297325029,0.9999999999922596,0.23682889346342728,1704,0.001318617925963439,0.0018764574401209932
105,104,med2,med1,M105_med2,M104_med1,False,4,0.9997752857488298,0.9999999999922596,0.01066934678216263,1704,0.001318617925963439,0.0013437624916605717
106,104,low1,med1,M106_low1,M104_med1,True,4,2.4424906541753444e-15,2.210253837876705e-14,19.057407598283802,1704,0.001318617925963439,0.0442995568904454
106,104,low2,med1,M106_low2,M104_med1,True,4,3.3306690738754696e-16,3.4689232618476587e-15,20.201914011505767,1704,0.001318617925963439,0.046763349143021715
106,104,med1,med1,M106_med1,M104_med1,True,4,0.0057020097618832866,0.013450894822904163,3.653962924838039,1704,0.001318617925963439,0.009856547052433107
106,104,med2,med1,M106_med2,M104_med1,True,4,0.002337789364115772,0.006002138274380959,4.161453106846993,1704,0.001318617925963439,0.011030827566551271
101,104,low1,med2,M101_low1,M104_med2,True,4,0.014484003029606507,0.03172686377913806,3.1146659715869505,1704,0.00013959257284956728,0.007435186318614617
101,104,low2,med2,M101_low2,M104_med2,True,4,0.00054376726079719,0.0016029092332195559,4.979276969639685,1704,0.00013959257284956728,0.01175200666956433
101,104,med1,med2,M101_med1,M104_med2,True,4,0.019923147364837357,0.042298374405347006,2.9275624589367735,1704,0.00013959257284956728,0.006999934082470571
101,104,med2,med2,M101_med2,M104_med2,False,4,0.4306166266553899,0.6530230162466353,0.9560394351877285,1704,0.00013959257284956728,0.0023903398908167173
102,104,low1,med2,M102_low1,M104_med2,False,4,0.8455673311482826,0.9999999999922596,0.3479620450585466,1704,0.00013959257284956728,0.0009599536763638117
102,104,low2,med2,M102_low2,M104_med2,True,4,6.367239180349316e-07,2.9047239897130764e-06,8.665619379164173,1704,0.00013959257284956728,0.020176819108513433
102,104,med1,med2,M102_med1,M104_med2,True,4,0.0,0.0,21.891088036216704,1704,0.00013959257284956728,0.04925542320545151
102,104,med2,med2,M102_med2,M104_med2,True,4,1.0547118733938987e-14,9.241284985927494e-14,18.26729121230474,1704,0.00013959257284956728,0.041460920035020554
103,104,low1,med2,M103_low1,M104_med2,True,4,2.5259682067679812e-05,9.58790311006506e-05,6.669308233101838,1704,0.00013959257284956728,0.015632339110128624
103,104,low2,med2,M103_low2,M104_med2,True,4,0.00011435006858084851,0.0003802484208230625,5.841883964484695,1704,0.00013959257284956728,0.013736377565544355
103,104,med1,med2,M103_med1,M104_med2,True,4,5.969558181107004e-12,4.513967282152146e-11,14.873463437023513,1704,0.00013959257284956728,0.034044270392553866
103,104,med2,med2,M103_med2,M104_med2,True,4,2.2086237183582824e-06,9.450854980881953e-06,7.993461285638193,1704,0.00013959257284956728,0.018651385279592314
104,104,low1,med2,M104_low1,M104_med2,True,4,2.7069619350172935e-05,0.00010164918286595551,6.631524783112006,1704,0.00013959257284956728,0.015545920887818587
104,104,low2,med2,M104_low2,M104_med2,False,4,0.024583943841088307,0.05082523221078931,2.8033010565277046,1704,0.00013959257284956728,0.0067106582042213425
104,104,med1,med2,M104_med1,M104_med2,False,4,0.9956741579231638,0.9999999999922596,0.04798819448397831,1704,0.00013959257284956728,0.00025281041961866535
105,104,low1,med2,M105_low1,M104_med2,True,4,3.141931159689193e-14,2.668224615612976e-13,17.68235059639632,1704,0.00013959257284956728,0.040190762922499235
105,104,low2,med2,M105_low2,M104_med2,True,4,2.6597724023247338e-11,1.882300469337504e-10,14.074207584679174,1704,0.00013959257284956728,0.032280901084462466
105,104,med1,med2,M105_med1,M104_med2,False,4,0.9997367603985393,0.9999999999922596,0.011554590593259082,1704,0.00013959257284956728,0.00016685549354888973
105,104,med2,med2,M105_med2,M104_med2,False,4,0.9995961863375871,0.9999999999922596,0.014337563034890363,1704,0.00013959257284956728,0.00017342166214950883
106,104,low1,med2,M106_low1,M104_med2,True,4,1.9984014443252818e-15,1.8696908428263652e-14,19.150457059917024,1704,0.00013959257284956728,0.04337229530125164
106,104,low2,med2,M106_low2,M104_med2,True,4,2.220446049250313e-16,2.3570888830503323e-15,20.287055765644023,1704,0.00013959257284956728,0.04582096889032483
106,104,med1,med2,M106_med1,M104_med2,True,4,0.0023340001824656564,0.006002138274380959,4.1623704317777275,1704,0.00013959257284956728,0.009865390851550027
106,104,med2,med2,M106_med2,M104_med2,True,4,0.001189804954011664,0.0032838616730721925,4.541806714524603,1704,0.00013959257284956728,0.010742580164127102
101,105,low1,low1,M101_low1,M105_low1,False,4,0.9657147008741893,0.9999999999922596,0.14388915956005963,1704,0.0022111082660235537,0.002549803889436819
101,105,low2,low1,M101_low2,M105_low1,True,4,0.005290145311163341,0.012532876445331178,3.696912379137446,1704,0.0022111082660235537,0.010840807063205005
101,105,med1,low1,M101_med1,M105_low1,False,4,0.9988931188803809,0.9999999999922596,0.023889018928823825,1704,0.0022111082660235537,0.002267355709151264
101,105,med2,low1,M101_med2,M105_low1,False,4,0.9999995102471756,0.9999999999922596,0.0004947217173894032,1704,0.0022111082660235537,0.002212273168106904
102,105,low1,low1,M102_low1,M105_low1,False,4,0.9115103922454667,0.9999999999922596,0.2470916751243826,1704,0.0022111082660235537,0.002792587086326237
102,105,low2,low1,M102_low2,M105_low1,False,4,0.9849182274561719,0.9999999999922596,0.09226148584087371,1704,0.0022111082660235537,0.002428305780457718
102,105,med1,low1,M102_med1,M105_low1,True,4,0.0212595649576911,0.044962758071438645,2.889264804239094,1704,0.0022111082660235537,0.008968283624157802
102,105,med2,low1,M102_med2,M105_low1,False,4,0.9277463274040176,0.9999999999922596,0.21933786471344197,1704,0.0022111082660235537,0.0027273080602113753
103,105,low1,low1,M103_low1,M105_low1,True,4,0.0,0.0,46.89491376220852,1704,0.0022111082660235537,0.10163048508817596
103,105,low2,low1,M103_low2,M105_low1,True,4,0.0,0.0,28.751776490523223,1704,0.0022111082660235537,0.06561020345269841
103,105,med1,low1,M103_med1,M105_low1,True,4,0.0,0.0,24.496842642565802,1704,0.0022111082660235537,0.05674061108908757
103,105,med2,low1,M103_med2,M105_low1,True,4,0.0,0.0,26.837541732158456,1704,0.0022111082660235537,0.06164062759728017
104,105,low1,low1,M104_low1,M105_low1,True,4,2.993467163037167e-08,1.5588621452797322e-07,10.31096825275234,1704,0.0022111082660235537,0.025913238469140953
104,105,low2,low1,M104_low2,M105_low1,True,4,0.0006659274410060201,0.001904621489302192,4.866370560590947,1704,0.0022111082660235537,0.013539678105920716
104,105,med1,low1,M104_med1,M105_low1,True,4,6.483702463810914e-14,5.341796656751679e-13,17.293596977644743,1704,0.0022111082660235537,0.04133503860004173
104,105,med2,low1,M104_med2,M105_low1,True,4,2.7479463149404637e-11,1.920084007401438e-10,14.056761767649572,1704,0.0022111082660235537,0.03424734427316689
105,105,low2,low1,M105_low2,M105_low1,True,4,5.713687430841663e-05,0.00020480230271588298,6.222867660673099,1704,0.0022111082660235537,0.016651806025237303
105,105,med1,low1,M105_med1,M105_low1,False,4,0.3263820622185364,0.5314539774177938,1.160653724510394,1704,0.0022111082660235537,0.004936592749208546
105,105,med2,low1,M105_med2,M105_low1,False,4,0.22139004966882703,0.37952579943227494,1.4305524579351605,1704,0.0022111082660235537,0.0055682452359974155
106,105,low1,low1,M106_low1,M105_low1,True,4,0.0,0.0,116.34897999100215,1704,0.0022111082660235537,0.2171563758936993
106,105,low2,low1,M106_low2,M105_low1,True,4,0.0,0.0,192.35498769873735,1704,0.0022111082660235537,0.3137321539116976
106,105,med1,low1,M106_med1,M105_low1,False,4,0.6467796019190024,0.8993006051871267,0.6220983280037314,1704,0.0022111082660235537,0.003673793498379818
106,105,med2,low1,M106_med2,M105_low1,False,4,0.18418936422211252,0.3237978632184908,1.5537639128159546,1704,0.0022111082660235537,0.00585633434707622
101,105,low1,low2,M101_low1,M105_low2,False,4,0.9167409148771148,0.9999999999922596,0.2383388144978907,1704,0.007636522852189298,0.00819436539888696
101,105,low2,low2,M101_low2,M105_low2,True,4,0.0014522349057196626,0.00394893432491258,4.4298817428125234,1704,0.007636522852189298,0.017903359378365735
101,105,med1,low2,M101_med1,M105_low2,False,4,0.9984526358848228,0.9999999999922596,0.028328712920010327,1704,0.007636522852189298,0.0077028603172073495
101,105,med2,low2,M101_med2,M105_low2,False,4,0.9999898994643139,0.9999999999922596,0.0022493332211455126,1704,0.007636522852189298,0.007641790449329111
102,105,low1,low2,M102_low1,M105_low2,False,4,0.9258681925814194,0.9999999999922596,0.22264260128813768,1704,0.007636522852189298,0.008157647009210178
102,105,low2,low2,M102_low2,M105_low2,False,4,0.9864664121390793,0.9999999999922596,0.08710161178225867,1704,0.007636522852189298,0.007840460775520475
102,105,med1,low2,M102_med1,M105_low2,False,4,0.052063824334635966,0.10316117840181466,2.352546526041426,1704,0.007636522852189298,0.013115441647131965
102,105,med2,low2,M102_med2,M105_low2,False,4,0.9533761765255946,0.9999999999922596,0.1707507054579385,1704,0.007636522852189298,0.008036236155941623
103,105,low1,low2,M103_low1,M105_low2,True,4,0.0,0.0,38.44251803952494,1704,0.007636522852189298,0.09017561507686711
103,105,low2,low2,M103_low2,M105_low2,True,4,0.0,0.0,23.776062863168228,1704,0.007636522852189298,0.060358583920155695
103,105,med1,low2,M103_med1,M105_low2,True,4,1.1102230246251565e-16,1.25070022365936e-15,20.615399715836922,1704,0.007636522852189298,0.05367514277597807
103,105,med2,low2,M103_med2,M105_low2,True,4,0.0,0.0,22.44903179943684,1704,0.007636522852189298,0.05756401634147257
104,105,low1,low2,M104_low1,M105_low2,True,4,0.0,0.0,28.492435203337575,1704,0.007636522852189298,0.07015797123878265
104,105,low2,low2,M104_low2,M105_low2,True,4,0.00010303817826717854,0.0003510930518733491,5.899180082813709,1704,0.007636522852189298,0.021261897066039093
104,105,med1,low2,M104_med1,M105_low2,True,4,0.0,0.0,21.92152972985415,1704,0.007636522852189298,0.0564485380156966
104,105,med2,low2,M104_med2,M105_low2,True,4,5.056752794274644e-10,3.2084224625742566e-09,12.49835223826214,1704,0.007636522852189298,0.036067365564016685
105,105,low1,low2,M105_low1,M105_low2,True,4,0.01031285636677104,0.023330724239580384,3.312380697717382,1704,0.007636522852189298,0.015333491200124283
105,105,med1,low2,M105_med1,M105_low2,False,4,0.6676780062963169,0.9168115907352412,0.5930860064010102,1704,0.007636522852189298,0.009023506429791217
105,105,med2,low2,M105_med2,M105_low2,False,4,0.5672248764366203,0.8069797211160166,0.7362276993265765,1704,0.007636522852189298,0.00935767522887776
106,105,low1,low2,M106_low1,M105_low2,True,4,0.0,0.0,103.06640783455086,1704,0.007636522852189298,0.20178259980571978
106,105,low2,low2,M106_low2,M105_low2,True,4,0.0,0.0,194.69364457726522,1704,0.007636522852189298,0.3200447168814783
106,105,med1,low2,M106_med1,M105_low2,False,4,0.5446947836850027,0.7809649885561597,0.7699924975697152,1704,0.007636522852189298,0.009436467367806789
106,105,med2,low2,M106_med2,M105_low2,False,4,0.38436144137344175,0.6101087719633695,1.0414798225468764,1704,0.007636522852189298,0.010069543727545871
101,105,low1,med1,M101_low1,M105_med1,False,4,0.4889869832917002,0.7178745073856875,0.8572365918894734,1704,0.00126388059818483,0.0032802219918568465
101,105,low2,med1,M101_low2,M105_med1,False,4,0.9538415414776482,0.9999999999922596,0.169790649662869,1704,0.00126388059818483,0.001663899795908752
101,105,med1,med1,M101_med1,M105_med1,False,4,0.2754295777875375,0.4621189268654125,1.2806096782490781,1704,0.00126388059818483,0.004273054787994557
101,105,med2,med1,M101_med2,M105_med1,False,4,0.038782877612983824,0.07870642809693776,2.530941768421376,1704,0.00126388059818483,0.007193638916112022
102,105,low1,med1,M102_low1,M105_med1,False,4,0.9999200057357581,0.9999999999922596,0.006347452821594728,1704,0.00126388059818483,0.0012788406818206033
102,105,low2,med1,M102_low2,M105_med1,False,4,0.16975555375155738,0.30282299785182615,1.607658758278525,1704,0.00126388059818483,0.005038649516775906
102,105,med1,med1,M102_med1,M105_med1,False,4,0.9945252366860572,0.9999999999922596,0.054209005245583156,1704,0.00126388059818483,0.0013916294274440855
102,105,med2,med1,M102_med2,M105_med1,False,4,0.9758716397880385,0.9999999999922596,0.11874202276761275,1704,0.00126388059818483,0.0015436651995756057
103,105,low1,med1,M103_low1,M105_med1,False,4,0.9730739823502147,0.9999999999922596,0.12603738764281447,1704,0.00126388059818483,0.0015608497125743082
103,105,low2,med1,M103_low2,M105_med1,False,4,0.943577184192969,0.9999999999922596,0.19022199257318478,1704,0.00126388059818483,0.0017120135302157724
103,105,med1,med1,M103_med1,M105_med1,False,4,0.8042500688365002,0.9999999999922596,0.40626329424072094,1704,0.00126388059818483,0.0022204851825284866
103,105,med2,med1,M103_med2,M105_med1,False,4,0.8593037984759354,0.9999999999922596,0.327981229637387,1704,0.00126388059818483,0.00203630150901557
104,105,low1,med1,M104_low1,M105_med1,True,4,3.736069925652785e-06,1.562356514363892e-05,7.708728893890687,1704,0.00126388059818483,0.019107965015580985
104,105,low2,med1,M104_low2,M105_med1,False,4,0.5581948936932581,0.7982476199965763,0.7496687700530732,1704,0.00126388059818483,0.0030276541257563405
104,105,med1,med1,M104_med1,M105_med1,True,4,0.02153803085358552,0.045377835996867205,2.8815799812948604,1704,0.00126388059818483,0.008009602535577587
104,105,med2,med1,M104_med2,M105_med1,False,4,0.19098740984940432,0.3336235766989594,1.5296848523147268,1704,0.00126388059818483,0.004856225983408402
105,105,low1,med1,M105_low1,M105_med1,False,4,0.8944341913001019,0.9999999999922596,0.2746717515165549,1704,0.00126388059818483,0.001910834932435601
105,105,low2,med1,M105_low2,M105_med1,False,4,0.4114670308215884,0.6344407849539576,0.990534624236933,1704,0.00126388059818483,0.0035930265734299693
105,105,med2,med1,M105_med2,M105_med1,False,4,0.9693719695756886,0.9999999999922596,0.13523267516156648,1704,0.00126388059818483,0.0015825087239036417
106,105,low1,med1,M106_low1,M105_med1,False,4,0.8073507802686726,0.9999999999922596,0.4019574562630332,1704,0.00126388059818483,0.002210356084094034
106,105,low2,med1,M106_low2,M105_med1,False,4,0.8194841096409873,0.9999999999922596,0.3850165930245124,1704,0.00126388059818483,0.002170502223325377
106,105,med1,med1,M106_med1,M105_med1,False,4,0.484388439431214,0.713019782842747,0.8647165052649407,1704,0.00126388059818483,0.0032977799739740687
106,105,med2,med1,M106_med2,M105_med1,False,4,0.2875112156732146,0.47516823668148034,1.2505848701612692,1704,0.00126388059818483,0.004202710154358358
101,105,low1,med2,M101_low1,M105_med2,False,4,0.5286441437828606,0.7659096256381602,0.7945407875930421,1704,0.001969601496910056,0.003837428739246973
101,105,low2,med2,M101_low2,M105_med2,False,4,0.9901146401712986,0.9999999999922596,0.0737914734384102,1704,0.001969601496910056,0.0021433674230414423
101,105,med1,med2,M101_med1,M105_med2,False,4,0.17102011631591596,0.3035469588629762,1.6027749636481239,1704,0.001969601496910056,0.005730287284882785
101,105,med2,med2,M101_med2,M105_med2,False,4,0.07339922533526055,0.1401950601559302,2.141523139716554,1704,0.001969601496910056,0.00698802773084517
102,105,low1,med2,M102_low1,M105_med2,False,4,0.9998723421070203,0.9999999999922596,0.008027510377518959,1704,0.001969601496910056,0.0019885078039555415
102,105,low2,med2,M102_low2,M105_med2,False,4,0.10133436436511245,0.1902604392161295,1.9398102268574116,1704,0.001969601496910056,0.00651748948299824
102,105,med1,med2,M102_med1,M105_med2,False,4,0.8718140419163789,0.9999999999922596,0.30941455008347685,1704,0.001969601496910056,0.002697813431669527
102,105,med2,med2,M102_med2,M105_med2,False,4,0.9994043949936648,0.9999999999922596,0.01744875668689351,1704,0.001969601496910056,0.0020106957094097044
103,105,low1,med2,M103_low1,M105_med2,False,4,0.960802777473437,0.9999999999922596,0.1549649538961017,1704,0.001969601496910056,0.0023344467982803208
103,105,low2,med2,M103_low2,M105_med2,False,4,0.9194445956092008,0.9999999999922596,0.23374844716786702,1704,0.001969601496910056,0.0025198302656561644
103,105,med1,med2,M103_med1,M105_med2,False,4,0.7851310571260972,0.9999999999922596,0.432644277383633,1704,0.001969601496910056,0.0029875406945470973
103,105,med2,med2,M103_med2,M105_med2,False,4,0.8344990480302854,0.9999999999922596,0.3638090930517592,1704,0.001969601496910056,0.002825722015348142
104,105,low1,med2,M104_low1,M105_med2,True,4,9.758029806405943e-08,4.896756775578255e-07,9.675973328814756,1704,0.001969601496910056,0.024250027939965335
104,105,low2,med2,M104_low2,M105_med2,False,4,0.45038303747141417,0.6792662204486902,0.9215850395768691,1704,0.001969601496910056,0.004135439562618415
104,105,med1,med2,M104_med1,M105_med2,True,4,0.006235219616882004,0.014646132887314324,3.6026776084360437,1704,0.001969601496910056,0.010383218534124605
104,105,med2,med2,M104_med2,M105_med2,False,4,0.10176387545500798,0.1904191839022522,1.9371384250938444,1704,0.001969601496910056,0.006511253945007844
105,105,low1,med2,M105_low1,M105_med2,False,4,0.8706936030882262,0.9999999999922596,0.3110938153251873,1704,0.001969601496910056,0.0027017627090775154
105,105,low2,med2,M105_low2,M105_med2,False,4,0.32976497911521263,0.5353831425635217,1.1532522467608504,1704,0.001969601496910056,0.00467840825073762
105,105,med1,med2,M105_med1,M105_med2,False,4,0.9999962087899392,0.9999999999922596,0.001377264996646082,1704,0.001969601496910056,0.0019728452676851527
106,105,low1,med2,M106_low1,M105_med2,False,4,0.7402006212908117,0.9869341617210823,0.493959442914923,1704,0.001969601496910056,0.0031316369924869747
106,105,low2,med2,M106_low2,M105_med2,False,4,0.767797719315332,0.9999999999922596,0.45637354513521083,1704,0.001969601496910056,0.003043311604825516
106,105,med1,med2,M106_med1,M105_med2,True,4,0.002096415449574618,0.005458591170590514,4.223035955863431,1704,0.001969601496910056,0.011817694493025721
106,105,med2,med2,M106_med2,M105_med2,True,4,0.00014605545676715792,0.0004742506596204187,5.707128496510422,1704,0.001969601496910056,0.01523259644968089
101,106,low1,low1,M101_low1,M106_low1,False,4,0.8209898357220451,0.9999999999922596,0.38290297003999013,1704,1.0086315338497798e-07,0.0009028908347350484
101,106,low2,low1,M101_low2,M106_low1,True,4,0.00029740713211667824,0.0009120485384911466,5.31429231770697,1704,1.0086315338497798e-07,0.012385871193711706
101,106,med1,low1,M101_med1,M106_low1,False,4,0.9931836839082238,0.9999999999922596,0.06074957265419165,1704,1.0086315338497798e-07,0.00014344212240180454
101,106,med2,low1,M101_med2,M106_low1,False,4,0.9170303267197368,0.9999999999922596,0.23784967674900612,1704,1.0086315338497798e-07,0.0005610831010643968
102,106,low1,low1,M102_low1,M106_low1,False,4,0.9794033364923304,0.9999999999922596,0.10901090646481286,1704,1.0086315338497798e-07,0.00025728755180365326
102,106,low2,low1,M102_low2,M106_low1,False,4,0.9999959012205561,0.9999999999922596,0.001432094804509151,1704,1.0086315338497798e-07,3.4804261508369905e-06
102,106,med1,low1,M102_med1,M106_low1,True,4,0.001109263562204088,0.0030769521926465155,4.581108889978167,1704,1.0086315338497798e-07,0.010695351179631718
102,106,med2,low1,M102_med2,M106_low1,False,4,0.721296652600012,0.9687487888934467,0.5196732890659751,1704,1.0086315338497798e-07,0.001224966247995507
103,106,low1,low1,M103_low1,M106_low1,True,4,0.0,0.0,69.83917393569135,1704,1.0086315338497798e-07,0.14149260227808758
103,106,low2,low1,M103_low2,M106_low1,True,4,0.0,0.0,43.0813146316269,1704,1.0086315338497798e-07,0.09228463477516136
103,106,med1,low1,M103_med1,M106_low1,True,4,0.0,0.0,34.346992510233704,1704,1.0086315338497798e-07,0.0749776484293938
103,106,med2,low1,M103_med2,M106_low1,True,4,0.0,0.0,36.993524007342295,1704,1.0086315338497798e-07,0.08029101836603136
104,106,low1,low1,M104_low1,M106_low1,True,4,2.898581374921605e-10,1.904771179999229e-09,12.796224434212448,1704,1.0086315338497798e-07,0.029312513678381613
104,106,low2,low1,M104_low2,M106_low1,True,4,8.719588547434487e-05,0.00030463372646733145,5.9909328260309636,1704,1.0086315338497798e-07,0.013940900456921312
104,106,med1,low1,M104_med1,M106_low1,True,4,5.551115123125783e-16,5.674473236973023e-15,19.838130386742524,1704,1.0086315338497798e-07,0.04472205581832822
104,106,med2,low1,M104_med2,M106_low1,True,4,9.992007221626409e-16,9.676470151469786e-15,19.5269971658178,1704,1.0086315338497798e-07,0.044051552486208734
105,106,low1,low1,M105_low1,M106_low1,False,4,0.9999999999922595,0.9999999999922596,1.966137147946144e-06,1704,1.0086315338497798e-07,1.0550300455491879e-07
105,106,low2,low1,M105_low2,M106_low1,False,4,0.9999999678931353,0.9999999999922596,0.00012663817201676318,1704,1.0086315338497798e-07,3.9971417731266e-07
105,106,med1,low1,M105_med1,M106_low1,False,4,0.9999986539443461,0.9999999999922596,0.0008203487106972408,1704,1.0086315338497798e-07,2.036785371251071e-06
105,106,med2,low1,M105_med2,M106_low1,False,4,0.9999978827177476,0.9999999999922596,0.0010290036495431017,1704,1.0086315338497798e-07,2.529184208177604e-06
106,106,low2,low1,M106_low2,M106_low1,True,4,0.0,0.0,68.05387817998694,1704,1.0086315338497798e-07,0.1383761371963852
106,106,med1,low1,M106_med1,M106_low1,False,4,0.9999981673231136,0.9999999999922596,0.0009573035798716476,1704,1.0086315338497798e-07,2.359981314148385e-06
106,106,med2,low1,M106_med2,M106_low1,False,4,0.9999974567610814,0.9999999999922596,0.0011278459828238444,1704,1.0086315338497798e-07,2.7624392411329524e-06
101,106,low1,low2,M101_low1,M106_low2,False,4,0.8510429477712382,0.9999999999922596,0.3400427156972477,1704,0.012064622934089941,0.012856766570379152
101,106,low2,low2,M101_low2,M106_low2,True,4,0.0005459183620385444,0.0016029092332195559,4.977079355147588,1704,0.012064622934089941,0.023533534057712968
101,106,med1,low2,M101_med1,M106_low2,False,4,0.9322969372414378,0.9999999999922596,0.21121141431380294,1704,0.012064622934089941,0.012556798214806375
101,106,med2,low2,M101_med2,M106_low2,False,4,0.7495875245973209,0.9922597447906982,0.4811897977315513,1704,0.012064622934089941,0.013185201608394426
102,106,low1,low2,M102_low1,M106_low2,False,4,0.9794088620649202,0.9999999999922596,0.10899515733229881,1704,0.012064622934089941,0.012318670089129014
102,106,low2,low2,M102_low2,M106_low2,False,4,0.9999986735426026,0.9999999999922596,0.0008143515069664733,1704,0.012064622934089941,0.01206652151843679
102,106,med1,low2,M102_med1,M106_low2,True,4,0.0021260000845974014,0.005509634022055237,4.215121876477291,1704,0.012064622934089941,0.021795014051378847
102,106,med2,low2,M102_med2,M106_low2,False,4,0.7551450580235973,0.9948450406420662,0.47362424330170255,1704,0.012064622934089941,0.013167602868855321
103,106,low1,low2,M103_low1,M106_low2,True,4,0.0,0.0,61.72968516820021,1704,0.012064622934089941,0.13768252550745264
103,106,low2,low2,M103_low2,M106_low2,True,4,0.0,0.0,37.363126594432245,1704,0.012064622934089941,0.0921151624471358
103,106,med1,low2,M103_med1,M106_low2,True,4,0.0,0.0,32.72534854070005,1704,0.012064622934089941,0.0828910753449964
103,106,med2,low2,M103_med2,M106_low2,True,4,0.0,0.0,35.70665516968805,1704,0.012064622934089941,0.08884198036686008
104,106,low1,low2,M104_low1,M106_low2,True,4,5.274780612296581e-11,3.59466530615767e-10,13.707924073564905,1704,0.012064622934089941,0.04302198452969519
104,106,low2,low2,M104_low2,M106_low2,True,4,0.0001069343145851942,0.00035992525396967806,5.878768954896705,1704,0.012064622934089941,0.025582907192072124
104,106,med1,low2,M104_med1,M106_low2,True,4,9.992007221626409e-16,9.676470151469786e-15,19.554774612389696,1704,0.012064622934089941,0.055643791796012976
104,106,med2,low2,M104_med2,M106_low2,True,4,1.3322676295501878e-15,1.2679512612270754e-14,19.378968548834163,1704,0.012064622934089941,0.05526912988189292
105,106,low1,low2,M105_low1,M106_low2,False,4,0.14943246520612485,0.26781402855123676,1.6910479516777328,1704,0.012064622934089941,0.015991479789630114
105,106,low2,low2,M105_low2,M106_low2,False,4,0.07126143667860663,0.13706032420414935,2.159826469367271,1704,0.012064622934089941,0.017074530770918694
105,106,med1,low2,M105_med1,M106_low2,False,4,0.9940641735466311,0.9999999999922596,0.05653238236082407,1704,0.012064622934089941,0.012196405566533342
105,106,med2,low2,M105_med2,M106_low2,False,4,0.9909332719463999,0.9999999999922596,0.07051747607023824,1704,0.012064622934089941,0.01222900079320366
106,106,low1,low2,M106_low1,M106_low2,True,4,0.0,0.0,59.59946268733797,1704,0.012064622934089941,0.13388211149728413
106,106,med1,low2,M106_med1,M106_low2,False,4,0.9531539328867097,0.9999999999922596,0.17120794615768367,1704,0.012064622934089941,0.012463617803120997
106,106,med2,low2,M106_med2,M106_low2,False,4,0.8295239490668812,0.9999999999922596,0.37086982369159754,1704,0.012064622934089941,0.012928516802985013
101,106,low1,med1,M101_low1,M106_med1,False,4,0.12021165830237646,0.21972462047321792,1.8312872962258007,1704,0.02747776367953625,0.03166255203803181
101,106,low2,med1,M101_low2,M106_med1,True,4,0.019756892111652435,0.04210735307193878,2.9325004425578,1704,0.02747776367953625,0.03416170756157744
101,106,med1,med1,M101_med1,M106_med1,True,4,0.0013235555977245683,0.003634839253452546,4.4820146384288755,1704,0.02747776367953625,0.037656495652824695
101,106,med2,med1,M101_med2,M106_med1,False,4,0.0773158213159244,0.14649769481387181,2.109261852844296,1704,0.02747776367953625,0.03229462276389361
102,106,low1,med1,M102_low1,M106_med1,True,4,1.4157803374104105e-08,7.947822201044352e-08,10.712860655158195,1704,0.02747776367953625,0.051457938155285765
102,106,low2,med1,M102_low2,M106_med1,True,4,4.862277358519407e-09,2.855294789258205e-08,11.286009093885076,1704,0.02747776367953625,0.05270761724034689
102,106,med1,med1,M102_med1,M106_med1,True,4,7.345526631397092e-09,4.2681375795065213e-08,11.064814038482526,1704,0.02747776367953625,0.05222571923613495
102,106,med2,med1,M102_med2,M106_med1,True,4,2.695749945491599e-08,1.4171942570584405e-07,10.367215909515124,1704,0.02747776367953625,0.05070270761458684
103,106,low1,med1,M103_low1,M106_med1,False,4,0.8770238738570914,0.9999999999922596,0.30155962679725384,1704,0.02747776367953625,0.028169362226880268
103,106,low2,med1,M103_low2,M106_med1,False,4,0.9088625236607369,0.9999999999922596,0.2514629927544459,1704,0.02747776367953625,0.02805453846314021
103,106,med1,med1,M103_med1,M106_med1,False,4,0.7997939589032095,0.9999999999922596,0.41243658728976645,1704,0.02747776367953625,0.028423400816663724
103,106,med2,med1,M103_med2,M106_med1,False,4,0.9618354255621897,0.9999999999922596,0.15268325244475028,1704,0.02747776367953625,0.027828051290308076
104,106,low1,med1,M104_low1,M106_med1,False,4,0.9914202473120455,0.9999999999922596,0.068506560763566,1704,0.02747776367953625,0.027634963406884316
104,106,low2,med1,M104_low2,M106_med1,False,4,0.9793493684005787,0.9999999999922596,0.10916463436484344,1704,0.02747776367953625,0.027728236108110926
104,106,med1,med1,M104_med1,M106_med1,False,4,0.3512385068614694,0.5669112742325471,1.1076520677411048,1704,0.02747776367953625,0.030013239410623727
104,106,med2,med1,M104_med2,M106_med1,False,4,0.10815414506286636,0.19966919088529173,1.8985838816607865,1704,0.02747776367953625,0.031815649701842585
105,106,low1,med1,M105_low1,M106_med1,False,4,0.8524591384110255,0.9999999999922596,0.3379850571291696,1704,0.02747776367953625,0.02825283393661482
105,106,low2,med1,M105_low2,M106_med1,False,4,0.8986125127005251,0.9999999999922596,0.2680484695513342,1704,0.02747776367953625,0.0280925561346953
105,106,med1,med1,M105_med1,M106_med1,True,4,3.934255413451382e-06,1.632863900921175e-05,7.680708109804123,1704,0.02747776367953625,0.044791458062112044
105,106,med2,med1,M105_med2,M106_med1,True,4,1.2081234606053926e-06,5.335073202033414e-06,8.319745588398858,1704,0.02747776367953625,0.04620422547849501
106,106,low1,med1,M106_low1,M106_med1,False,4,0.8158289717749645,0.9999999999922596,0.3901364999992318,1704,0.02747776367953625,0.028372318070404412
106,106,low2,med1,M106_low2,M106_med1,False,4,0.0393517866481381,0.07956844772810341,2.5221692601595955,1704,0.02747776367953625,0.033231988013548874
106,106,med2,med1,M106_med2,M106_med1,True,4,0.0,0.0,28.07426873435877,1704,0.02747776367953625,0.08790579400442444
101,106,low1,med2,M101_low1,M106_med2,False,4,0.04598611505682082,0.09230667458678216,2.428003701379953,1704,0.0009187978750881953,0.006610721990529256
101,106,low2,med2,M101_low2,M106_med2,True,4,0.013472568647180383,0.029747431572974284,3.156935499345305,1704,0.0009187978750881953,0.008306906737801989
101,106,med1,med2,M101_med1,M106_med2,True,4,2.2655952861549977e-06,9.620066138135068e-06,7.979676015555672,1704,0.0009187978750881953,0.019384853717636874
101,106,med2,med2,M101_med2,M106_med2,True,4,0.0032923846788482924,0.00818647001227143,3.9673659847840836,1704,0.0009187978750881953,0.01018594738214973
102,106,low1,med2,M102_low1,M106_med2,True,4,2.512434704726729e-13,2.0395058191311096e-12,16.568458745108227,1704,0.0009187978750881953,0.038512578811721765
102,106,low2,med2,M102_low2,M106_med2,True,4,4.687448207363332e-10,3.0086876865866964e-09,12.538947900579808,1704,0.0009187978750881953,0.029632399725822323
102,106,med1,med2,M102_med1,M106_med2,True,4,2.7670378210942204e-09,1.697116530271122e-08,11.588122242163164,1704,0.0009187978750881953,0.027513011679388688
102,106,med2,med2,M102_med2,M106_med2,True,4,4.8137248631618945e-09,2.855294789258205e-08,11.291388546517137,1704,0.0009187978750881953,0.026849696267086998
103,106,low1,med2,M103_low1,M106_med2,False,4,0.9247432885847071,0.9999999999922596,0.22460898527222276,1704,0.0009187978750881953,0.0014480810214324569
103,106,low2,med2,M103_low2,M106_med2,False,4,0.8850822569852668,0.9999999999922596,0.2892459746947705,1704,0.0009187978750881953,0.001600291908602891
103,106,med1,med2,M103_med1,M106_med2,False,4,0.6756307898963053,0.9208597432660754,0.5821185835158103,1704,0.0009187978750881953,0.002289384047399756
103,106,med2,med2,M103_med2,M106_med2,False,4,0.7034702475160826,0.9540923258694781,0.5439671936908382,1704,0.0009187978750881953,0.0021996725511617132
104,106,low1,med2,M104_low1,M106_med2,False,4,0.14336366822476643,0.2577744132249872,1.7179596590922468,1704,0.0009187978750881953,0.004952900002973992
104,106,low2,med2,M104_low2,M106_med2,False,4,0.9263875288620059,0.9999999999922596,0.22173153088904604,1704,0.0009187978750881953,0.0014413039479098666
104,106,med1,med2,M104_med1,M106_med2,False,4,0.13704422464752142,0.2480275803456781,1.7471162950134793,1704,0.0009187978750881953,0.005021084310006918
104,106,med2,med2,M104_med2,M106_med2,False,4,0.07382584355411559,0.14052367462714416,2.1379310266243743,1704,0.0009187978750881953,0.005934123608764552
105,106,low1,med2,M105_low1,M106_med2,False,4,0.9992727743951838,0.9999999999922596,0.0193044201163196,1704,0.0009187978750881953,0.0009643100984959574
105,106,low2,med2,M105_low2,M106_med2,False,4,0.9979190565134444,0.9999999999922596,0.03295306405728929,1704,0.0009187978750881953,0.0009964857259420201
105,106,med1,med2,M105_med1,M106_med2,True,4,0.00031379579711798833,0.0009569904972880086,5.284577575594186,1704,0.0009187978750881953,0.013224850563852475
105,106,med2,med2,M105_med2,M106_med2,True,4,3.1203835904713983e-05,0.00011638187445541972,6.553887574787981,1704,0.0009187978750881953,0.01613563896317305
106,106,low1,med2,M106_low1,M106_med2,False,4,0.9992379363419547,0.9999999999922596,0.019767500237472174,1704,0.0009187978750881953,0.0009654018082020377
106,106,low2,med2,M106_low2,M106_med2,False,4,0.219659231977144,0.3777317633999485,1.4358621573694659,1704,0.0009187978750881953,0.004292717419335457
106,106,med1,med2,M106_med1,M106_med2,True,4,1.668442153901495e-05,6.578429063954465e-05,6.895509185460632,1704,0.0009187978750881953,0.016916116921335322
